IMAGE_VERSION_1,IMAGE_VERSION_2,IMAGE_VERSION_3,year,season,productType,section,IMGName1,IMGName2,IMGName3,dominantColors
https://static.zara.net/photos///2024/V/0/3/p/5767/521/712/2/w/2048/5767521712_6_1_1.jpg?ts=1707751045954,https://static.zara.net/photos///2024/V/0/3/p/5767/521/712/2/w/2048/5767521712_6_2_1.jpg?ts=1707751045737,https://static.zara.net/photos///2024/V/0/3/p/5767/521/712/2/w/2048/5767521712_3_1_1.jpg?ts=1707751046435,2024,V,0.0,3.0,0_1_2024_V_0_3.jpg,0_2_2024_V_0_3.jpg,0_3_2024_V_0_3.jpg,"[[229 231 236]
 [ 94 105  96]
 [144 154 175]
 [196 200 210]
 [180 180 123]]"
https://static.zara.net/photos///2024/V/0/3/p/5536/532/658/2/w/2048/5536532658_6_1_1.jpg?ts=1710428896326,https://static.zara.net/photos///2024/V/0/3/p/5536/532/658/2/w/2048/5536532658_6_2_1.jpg?ts=1710428896373,https://static.zara.net/photos///2024/V/0/3/p/5536/532/658/2/w/2048/5536532658_3_1_1.jpg?ts=1710428894764,2024,V,0.0,3.0,1_1_2024_V_0_3.jpg,1_2_2024_V_0_3.jpg,1_3_2024_V_0_3.jpg,"[[100 122 170]
 [232 233 233]
 [169 184 213]
 [ 70  90 137]
 [126 149 197]]"
https://static.zara.net/photos///2024/V/0/1/p/2893/010/818/17/w/2048/2893010818_1_1_1.jpg?ts=1713965800221,https://static.zara.net/photos///2024/V/0/1/p/2893/010/818/17/w/2048/2893010818_2_1_1.jpg?ts=1713965805677,https://static.zara.net/photos///2024/V/0/1/p/2893/010/818/2/w/2048/2893010818_3_1_1.jpg?ts=1708506892071,2024,V,0.0,1.0,2_1_2024_V_0_1.jpg,2_2_2024_V_0_1.jpg,2_3_2024_V_0_1.jpg,"[[135 139 154]
 [ 75  75  85]
 [219 227 232]
 [ 47  41  52]
 [108 109 121]]"
https://static.zara.net/photos///2024/V/0/2/p/4432/475/922/2/w/2048/4432475922_6_1_1.jpg?ts=1710489196217,https://static.zara.net/photos///2024/V/0/2/p/4432/475/922/2/w/2048/4432475922_6_2_1.jpg?ts=1710489196510,https://static.zara.net/photos///2024/V/0/2/p/4432/475/922/2/w/2048/4432475922_3_1_1.jpg?ts=1710489197564,2024,V,0.0,2.0,3_1_2024_V_0_2.jpg,3_2_2024_V_0_2.jpg,3_3_2024_V_0_2.jpg,"[[ 37  35  34]
 [189 187 187]
 [ 54  51  48]
 [236 232 231]
 [113 114 114]]"
https://static.zara.net/photos///2024/V/0/2/p/0722/407/802/2/w/2048/0722407802_6_1_1.jpg?ts=1706778286656,https://static.zara.net/photos///2024/V/0/2/p/0722/407/802/2/w/2048/0722407802_6_2_1.jpg?ts=1706778287492,https://static.zara.net/photos///2024/V/0/2/p/0722/407/802/2/w/2048/0722407802_3_1_1.jpg?ts=1706778286615,2024,V,0.0,2.0,4_1_2024_V_0_2.jpg,4_2_2024_V_0_2.jpg,4_3_2024_V_0_2.jpg,"[[ 83  81  80]
 [242 237 236]
 [102  99  98]
 [153 149 148]
 [ 66  64  63]]"
https://static.zara.net/photos///2024/V/0/2/p/9621/451/406/2/w/2048/9621451406_6_1_1.jpg?ts=1708614924346,https://static.zara.net/photos///2024/V/0/2/p/9621/451/406/2/w/2048/9621451406_6_2_1.jpg?ts=1708614924551,https://static.zara.net/photos///2024/V/0/2/p/9621/451/406/2/w/2048/9621451406_3_1_1.jpg?ts=1708614926555,2024,V,0.0,2.0,5_1_2024_V_0_2.jpg,5_2_2024_V_0_2.jpg,5_3_2024_V_0_2.jpg,"[[138 132 114]
 [239 234 233]
 [191 185 170]
 [166 160 140]
 [ 96  91  80]]"
https://static.zara.net/photos///2023/I/0/3/p/2335/330/658/2/w/2048/2335330658_6_1_1.jpg?ts=1697035257419,https://static.zara.net/photos///2023/I/0/3/p/2335/330/658/2/w/2048/2335330658_6_2_1.jpg?ts=1697035256927,https://static.zara.net/photos///2023/I/0/3/p/2335/330/658/2/w/2048/2335330658_3_1_1.jpg?ts=1697035257225,2023,I,0.0,3.0,6_1_2023_I_0_3.jpg,6_2_2023_I_0_3.jpg,6_3_2023_I_0_3.jpg,"[[116 145 204]
 [231 231 231]
 [ 85 114 177]
 [ 28  49 110]
 [189 197 209]]"
https://static.zara.net/photos///2024/V/0/1/p/5536/006/712/2/w/2048/5536006712_1_1_1.jpg?ts=1706274640339,https://static.zara.net/photos///2024/V/0/1/p/5536/006/712/2/w/2048/5536006712_2_1_1.jpg?ts=1706274640085,https://static.zara.net/photos///2024/V/0/1/p/5536/006/712/2/w/2048/5536006712_3_1_1.jpg?ts=1706197134291,2024,V,0.0,1.0,8_1_2024_V_0_1.jpg,8_2_2024_V_0_1.jpg,8_3_2024_V_0_1.jpg,"[[ 75  99 140]
 [218 220 217]
 [ 27  38  44]
 [121 143 179]
 [ 53  70  82]]"
https://static.zara.net/photos///2024/V/0/3/p/3153/002/630/2/w/2048/3153002630_6_1_1.jpg?ts=1712070309964,https://static.zara.net/photos///2024/V/0/3/p/3153/002/630/2/w/2048/3153002630_6_2_1.jpg?ts=1712070310260,https://static.zara.net/photos///2024/V/0/3/p/3153/002/630/2/w/2048/3153002630_3_1_1.jpg?ts=1712070309147,2024,V,0.0,3.0,10_1_2024_V_0_3.jpg,10_2_2024_V_0_3.jpg,10_3_2024_V_0_3.jpg,"[[191 192 207]
 [113  86 242]
 [174 144 252]
 [ 49  18 214]
 [230 230 233]]"
https://static.zara.net/photos///2024/V/0/1/p/2910/009/051/17/w/2048/2910009051_1_1_1.jpg?ts=1710424540258,https://static.zara.net/photos///2024/V/0/1/p/2910/009/051/17/w/2048/2910009051_2_2_1.jpg?ts=1710424540535,https://static.zara.net/photos///2024/V/0/1/p/2910/009/051/2/w/2048/2910009051_3_1_1.jpg?ts=1709899261786,2024,V,0.0,1.0,11_1_2024_V_0_1.jpg,11_2_2024_V_0_1.jpg,11_3_2024_V_0_1.jpg,"[[205 209 208]
 [ 78 113 159]
 [113 149 190]
 [ 15  20  29]
 [142 167 202]]"
https://static.zara.net/photos///2023/I/1/3/p/1120/230/002/2/w/2048/1120230002_6_1_1.jpg?ts=1689164071469,https://static.zara.net/photos///2023/I/1/3/p/1120/230/002/2/w/2048/1120230002_6_2_1.jpg?ts=1689164071456,https://static.zara.net/photos///2023/I/1/3/p/1120/230/002/2/w/2048/1120230002_3_1_1.jpg?ts=1683629514201,2023,I,1.0,3.0,12_1_2023_I_1_3.jpg,12_2_2023_I_1_3.jpg,12_3_2023_I_1_3.jpg,"[[210 217 225]
 [133 144 160]
 [229 230 231]
 [185 193 204]
 [ 53  62  81]]"
https://static.zara.net/photos///2024/V/1/3/p/6687/330/002/2/w/2048/6687330002_6_1_1.jpg?ts=1713279944500,https://static.zara.net/photos///2024/V/1/3/p/6687/330/002/2/w/2048/6687330002_6_2_1.jpg?ts=1713279944295,https://static.zara.net/photos///2024/V/1/3/p/6687/330/002/2/w/2048/6687330002_3_1_1.jpg?ts=1713279944205,2024,V,1.0,3.0,13_1_2024_V_1_3.jpg,13_2_2024_V_1_3.jpg,13_3_2024_V_1_3.jpg,"[[234 234 235]
 [154 177 196]
 [ 55  63  72]
 [182 200 214]
 [123 149 172]]"
https://static.zara.net/photos///2023/I/0/3/p/9959/552/721/2/w/2048/9959552721_6_1_1.jpg?ts=1698929412065,https://static.zara.net/photos///2023/I/0/3/p/9959/552/721/2/w/2048/9959552721_6_2_1.jpg?ts=1698929412326,https://static.zara.net/photos///2023/I/0/3/p/9959/552/721/2/w/2048/9959552721_3_1_1.jpg?ts=1698929407195,2023,I,0.0,3.0,15_1_2023_I_0_3.jpg,15_2_2023_I_0_3.jpg,15_3_2023_I_0_3.jpg,"[[229 231 232]
 [174 186 192]
 [144 162 173]
 [101 119 133]
 [202 211 214]]"
https://static.zara.net/photos///2024/V/0/3/p/1377/465/628/2/w/2048/1377465628_6_1_1.jpg?ts=1710348720219,https://static.zara.net/photos///2024/V/0/3/p/1377/465/628/2/w/2048/1377465628_6_2_1.jpg?ts=1710348720590,https://static.zara.net/photos///2024/V/0/3/p/1377/465/628/2/w/2048/1377465628_3_1_1.jpg?ts=1710348720190,2024,V,0.0,3.0,16_1_2024_V_0_3.jpg,16_2_2024_V_0_3.jpg,16_3_2024_V_0_3.jpg,"[[193 172 198]
 [231 232 232]
 [123  88 122]
 [ 75  44  70]
 [161 125 160]]"
https://static.zara.net/photos///2023/V/0/3/p/0485/633/300/2/w/2048/0485633300_6_1_1.jpg?ts=1681309241076,https://static.zara.net/photos///2023/V/0/3/p/0485/633/300/2/w/2048/0485633300_6_2_1.jpg?ts=1681309242636,https://static.zara.net/photos///2023/V/0/3/p/0485/633/300/2/w/2048/0485633300_3_1_1.jpg?ts=1679991575232,2023,V,0.0,3.0,17_1_2023_V_0_3.jpg,17_2_2023_V_0_3.jpg,17_3_2023_V_0_3.jpg,"[[230 230 230]
 [133 217 224]
 [162 230 233]
 [ 69 197 211]
 [156 182 189]]"
https://static.zara.net/photos///2024/V/0/1/p/2287/595/800/3/w/2048/2287595800_1_1_1.jpg?ts=1711529251643,https://static.zara.net/photos///2024/V/0/1/p/2287/595/800/3/w/2048/2287595800_2_1_1.jpg?ts=1711529252148,https://static.zara.net/photos///2024/V/0/1/p/2287/595/800/2/w/2048/2287595800_3_1_1.jpg?ts=1706539767884,2024,V,0.0,1.0,19_1_2024_V_0_1.jpg,19_2_2024_V_0_1.jpg,19_3_2024_V_0_1.jpg,"[[234 233 230]
 [ 72  79 116]
 [ 38  30  31]
 [109 118 150]
 [ 53  55  82]]"
https://static.zara.net/photos///2024/V/0/2/p/1501/401/250/202/w/2400/1501401250_6_1_1.jpg?ts=1701183997273,https://static.zara.net/photos///2024/V/0/2/p/1501/401/250/202/w/2400/1501401250_6_2_1.jpg?ts=1701183997241,https://static.zara.net/photos///2024/V/0/2/p/1501/401/250/2/w/2400/1501401250_3_1_1.jpg?ts=1701183927096,2024,V,0.0,2.0,21_1_2024_V_0_2.jpg,21_2_2024_V_0_2.jpg,21_3_2024_V_0_2.jpg,"[[242 239 238]
 [254 254 254]
 [208 206 205]
 [239 236 235]
 [229 228 227]]"
https://static.zara.net/photos///2024/V/0/1/p/4661/315/600/2/w/2048/4661315600_1_1_1.jpg?ts=1711034041649,https://static.zara.net/photos///2024/V/0/1/p/4661/315/600/2/w/2048/4661315600_2_1_1.jpg?ts=1711034041177,https://static.zara.net/photos///2024/V/0/1/p/4661/315/600/2/w/2048/4661315600_3_1_1.jpg?ts=1711114191096,2024,V,0.0,1.0,22_1_2024_V_0_1.jpg,22_2_2024_V_0_1.jpg,22_3_2024_V_0_1.jpg,"[[ 35   4 189]
 [232 233 232]
 [102 128 182]
 [185 186 195]
 [ 50  65 117]]"
https://static.zara.net/photos///2024/V/0/2/p/0679/416/251/2/w/2048/0679416251_6_1_1.jpg?ts=1714473878015,https://static.zara.net/photos///2024/V/0/2/p/0679/416/251/2/w/2048/0679416251_6_2_1.jpg?ts=1714473877883,https://static.zara.net/photos///2024/V/0/2/p/0679/416/251/2/w/2048/0679416251_3_1_1.jpg?ts=1714473877592,2024,V,0.0,2.0,23_1_2024_V_0_2.jpg,23_2_2024_V_0_2.jpg,23_3_2024_V_0_2.jpg,"[[135 178 234]
 [235 235 234]
 [242 242 241]
 [199 196 197]
 [225 225 225]]"
https://static.zara.net/photos///2024/V/0/3/p/2582/506/712/2/w/2048/2582506712_6_1_1.jpg?ts=1700479517929,https://static.zara.net/photos///2024/V/0/3/p/2582/506/712/2/w/2048/2582506712_6_2_1.jpg?ts=1700479517938,https://static.zara.net/photos///2024/V/0/3/p/2582/506/712/2/w/2048/2582506712_3_1_1.jpg?ts=1700479517336,2024,V,0.0,3.0,24_1_2024_V_0_3.jpg,24_2_2024_V_0_3.jpg,24_3_2024_V_0_3.jpg,"[[230 233 234]
 [179 193 201]
 [136 164 189]
 [212 223 227]
 [194 208 216]]"
https://static.zara.net/photos///2024/V/0/1/p/1736/013/700/18/w/2048/1736013700_2_1_1.jpg?ts=1709831847782,https://static.zara.net/photos///2024/V/0/1/p/1736/013/700/2/w/2048/1736013700_6_1_1.jpg?ts=1709054616288,https://static.zara.net/photos///2024/V/0/1/p/1736/013/700/2/w/2048/1736013700_3_1_1.jpg?ts=1709054615737,2024,V,0.0,1.0,25_1_2024_V_0_1.jpg,25_2_2024_V_0_1.jpg,25_3_2024_V_0_1.jpg,"[[144 190 230]
 [234 231 227]
 [110 145 194]
 [ 62  77 114]
 [182 213 238]]"
https://static.zara.net/photos///2024/V/0/1/p/4786/055/802/2/w/2048/4786055802_1_1_1.jpg?ts=1712923262030,https://static.zara.net/photos///2024/V/0/1/p/4786/055/802/2/w/2048/4786055802_2_1_1.jpg?ts=1712923262108,https://static.zara.net/photos///2024/V/0/1/p/4786/055/802/2/w/2048/4786055802_3_1_1.jpg?ts=1712743908341,2024,V,0.0,1.0,26_1_2024_V_0_1.jpg,26_2_2024_V_0_1.jpg,26_3_2024_V_0_1.jpg,"[[ 77  87 110]
 [237 235 233]
 [ 46  45  45]
 [ 67  67  68]
 [200 199 199]]"
https://static.zara.net/photos///2024/V/0/2/p/4285/498/401/2/w/2048/4285498401_6_1_1.jpg?ts=1706805340381,https://static.zara.net/photos///2024/V/0/2/p/4285/498/401/2/w/2048/4285498401_6_2_1.jpg?ts=1706805340401,https://static.zara.net/photos///2024/V/0/2/p/4285/498/401/2/w/2048/4285498401_3_1_1.jpg?ts=1706805340629,2024,V,0.0,2.0,27_1_2024_V_0_2.jpg,27_2_2024_V_0_2.jpg,27_3_2024_V_0_2.jpg,"[[ 29  20  17]
 [244 239 238]
 [ 48  37  32]
 [112 109 108]
 [168 165 164]]"
https://static.zara.net/photos///2024/V/0/3/p/1716/327/621/2/w/2048/1716327621_6_1_1.jpg?ts=1711555021631,https://static.zara.net/photos///2024/V/0/3/p/1716/327/621/2/w/2048/1716327621_6_2_1.jpg?ts=1711555021509,https://static.zara.net/photos///2024/V/0/3/p/1716/327/621/2/w/2048/1716327621_3_1_1.jpg?ts=1711555021104,2024,V,0.0,3.0,29_1_2024_V_0_3.jpg,29_2_2024_V_0_3.jpg,29_3_2024_V_0_3.jpg,"[[189 198 212]
 [218 185 253]
 [190 152 249]
 [130  82 228]
 [228 230 233]]"
https://static.zara.net/photos///2024/V/0/1/p/4661/005/800/2/w/2048/4661005800_1_1_1.jpg?ts=1706628794635,https://static.zara.net/photos///2024/V/0/1/p/4661/005/800/2/w/2048/4661005800_2_1_1.jpg?ts=1706628794678,https://static.zara.net/photos///2024/V/0/1/p/4661/005/800/2/w/2048/4661005800_3_1_1.jpg?ts=1706632178761,2024,V,0.0,1.0,30_1_2024_V_0_1.jpg,30_2_2024_V_0_1.jpg,30_3_2024_V_0_1.jpg,"[[230 227 226]
 [ 11  15  14]
 [103 113 149]
 [205 199 199]
 [ 45  51  62]]"
https://static.zara.net/photos///2024/V/0/3/p/5624/500/600/2/w/2048/5624500600_6_1_1.jpg?ts=1699622510225,https://static.zara.net/photos///2024/V/0/3/p/5624/500/600/2/w/2048/5624500600_6_2_1.jpg?ts=1699622510416,https://static.zara.net/photos///2024/V/0/3/p/5624/500/600/2/w/2048/5624500600_3_1_1.jpg?ts=1699622510431,2024,V,0.0,3.0,31_1_2024_V_0_3.jpg,31_2_2024_V_0_3.jpg,31_3_2024_V_0_3.jpg,"[[157 161 196]
 [ 35  23 154]
 [227 228 229]
 [ 64  55 196]
 [ 11   4 105]]"
https://static.zara.net/photos///2024/V/0/3/p/4805/693/707/2/w/2048/4805693707_6_1_1.jpg?ts=1713426141506,https://static.zara.net/photos///2024/V/0/3/p/4805/693/707/2/w/2048/4805693707_6_2_1.jpg?ts=1713426263531,https://static.zara.net/photos///2024/V/0/3/p/4805/693/707/2/w/2048/4805693707_3_1_1.jpg?ts=1713426264691,2024,V,0.0,3.0,32_1_2024_V_0_3.jpg,32_2_2024_V_0_3.jpg,32_3_2024_V_0_3.jpg,"[[209 222 234]
 [156 144  84]
 [175 195 216]
 [ 78  76  80]
 [114 122 151]]"
https://static.zara.net/photos///2024/V/0/2/p/2241/405/500/2/w/2048/2241405500_6_1_1.jpg?ts=1712241669861,https://static.zara.net/photos///2024/V/0/2/p/2241/405/500/2/w/2048/2241405500_6_2_1.jpg?ts=1712241669371,https://static.zara.net/photos///2024/V/0/2/p/2241/405/500/2/w/2048/2241405500_3_1_1.jpg?ts=1712241670028,2024,V,0.0,2.0,33_1_2024_V_0_2.jpg,33_2_2024_V_0_2.jpg,33_3_2024_V_0_2.jpg,"[[244 240 240]
 [ 66  82  90]
 [184 194 195]
 [ 19  30  38]
 [124 139 144]]"
https://static.zara.net/photos///2023/I/0/3/p/0039/678/800/2/w/2048/0039678800_6_1_1.jpg?ts=1692625465132,https://static.zara.net/photos///2023/I/0/3/p/0039/678/800/2/w/2048/0039678800_6_2_1.jpg?ts=1692625464452,https://static.zara.net/photos///2023/I/0/3/p/0039/678/800/2/w/2048/0039678800_3_1_1.jpg?ts=1692625464746,2023,I,0.0,3.0,34_1_2023_I_0_3.jpg,34_2_2023_I_0_3.jpg,34_3_2023_I_0_3.jpg,"[[ 31  25  22]
 [216 220 221]
 [ 88  87  86]
 [ 20  14 194]
 [178 181 182]]"
https://static.zara.net/photos///2024/V/1/1/p/2211/310/800/2/w/2048/2211310800_6_1_1.jpg?ts=1705306372176,https://static.zara.net/photos///2024/V/1/1/p/2211/310/800/2/w/2048/2211310800_6_2_1.jpg?ts=1702464885571,https://static.zara.net/photos///2024/V/1/1/p/2211/310/800/2/w/2048/2211310800_3_1_1.jpg?ts=1705308807317,2024,V,1.0,1.0,35_1_2024_V_1_1.jpg,35_2_2024_V_1_1.jpg,35_3_2024_V_1_1.jpg,"[[240 240 240]
 [ 14  14  12]
 [ 85  93  97]
 [160 173 179]
 [ 36  38  38]]"
https://static.zara.net/photos///2024/W/0/2/p/7545/534/021/2/w/2048/7545534021_6_1_1.jpg?ts=1704963620004,https://static.zara.net/photos///2024/W/0/2/p/7545/534/021/2/w/2048/7545534021_6_2_1.jpg?ts=1704963620252,https://static.zara.net/photos///2023/I/0/2/p/7545/534/021/2/w/2048/7545534021_3_1_1.jpg?ts=1691047050961,2024,W,0.0,2.0,36_1_2024_W_0_2.jpg,36_2_2024_W_0_2.jpg,36_3_2024_W_0_2.jpg,"[[239 233 230]
 [ 70  50  47]
 [171 150 134]
 [204 196 192]
 [118  98  90]]"
https://static.zara.net/photos///2024/V/0/2/p/1942/402/505/2/w/2048/1942402505_6_1_1.jpg?ts=1701430657535,https://static.zara.net/photos///2024/V/0/2/p/1942/402/505/2/w/2048/1942402505_6_2_1.jpg?ts=1701430657675,https://static.zara.net/photos///2024/V/0/2/p/1942/402/505/2/w/2048/1942402505_3_1_1.jpg?ts=1701430656987,2024,V,0.0,2.0,37_1_2024_V_0_2.jpg,37_2_2024_V_0_2.jpg,37_3_2024_V_0_2.jpg,"[[ 28  41  43]
 [245 240 239]
 [ 74 100 102]
 [ 50  71  73]
 [187 185 184]]"
https://static.zara.net/photos///2024/V/0/1/p/3666/063/630/2/w/2048/3666063630_1_1_1.jpg?ts=1706880694259,https://static.zara.net/photos///2024/V/0/1/p/3666/063/630/2/w/2048/3666063630_2_1_1.jpg?ts=1706880694502,https://static.zara.net/photos///2024/V/0/1/p/3666/063/630/2/w/2048/3666063630_3_1_1.jpg?ts=1706872583846,2024,V,0.0,1.0,38_1_2024_V_0_1.jpg,38_2_2024_V_0_1.jpg,38_3_2024_V_0_1.jpg,"[[ 58  75 123]
 [224 218 228]
 [146 115 232]
 [ 89  98 185]
 [194 191 195]]"
https://static.zara.net/photos///2024/V/0/1/p/3186/227/300/2/w/3600/3186227300_1_1_1.jpg?ts=1713283183283,https://static.zara.net/photos///2024/V/0/1/p/3186/227/300/2/w/3600/3186227300_2_1_1.jpg?ts=1713283183432,https://static.zara.net/photos///2024/V/0/1/p/3186/227/300/2/w/2400/3186227300_3_1_1.jpg?ts=1713343397071,2024,V,0.0,1.0,39_1_2024_V_0_1.jpg,39_2_2024_V_0_1.jpg,39_3_2024_V_0_1.jpg,"[[116 161 193]
 [161 211 234]
 [188 228 243]
 [122 188 218]
 [ 43 149 197]]"
https://static.zara.net/photos///2024/V/0/1/p/6045/022/800/18/w/2048/6045022800_1_1_1.jpg?ts=1713958471407,https://static.zara.net/photos///2024/V/0/1/p/6045/022/800/18/w/2048/6045022800_2_1_1.jpg?ts=1713958470681,https://static.zara.net/photos///2024/V/0/1/p/5520/022/800/2/w/2048/5520022800_3_1_1.jpg?ts=1704789379517,2024,V,0.0,1.0,40_1_2024_V_0_1.jpg,40_2_2024_V_0_1.jpg,40_3_2024_V_0_1.jpg,"[[108 121 152]
 [235 231 226]
 [ 26  25  23]
 [196 181 169]
 [ 61  82 126]]"
https://static.zara.net/photos///2024/W/1/2/p/2008/220/800/2/w/2048/2008220800_6_1_1.jpg?ts=1709805868861,https://static.zara.net/photos///2024/W/1/2/p/2008/220/800/2/w/2048/2008220800_6_2_1.jpg?ts=1709805869000,https://static.zara.net/photos///2024/W/1/2/p/2008/220/800/2/w/2048/2008220800_3_1_1.jpg?ts=1709805870520,2024,W,1.0,2.0,41_1_2024_W_1_2.jpg,41_2_2024_W_1_2.jpg,41_3_2024_W_1_2.jpg,"[[ 21  20  21]
 [247 242 241]
 [ 43  42  43]
 [122 122 122]
 [ 75  75  75]]"
https://static.zara.net/photos///2024/W/0/1/p/7648/172/800/2/w/2048/7648172800_6_1_1.jpg?ts=1709635992428,https://static.zara.net/photos///2024/W/0/1/p/7648/172/800/2/w/2048/7648172800_6_2_1.jpg?ts=1709635991485,https://static.zara.net/photos///2024/W/0/1/p/7648/172/800/2/w/2048/7648172800_3_1_1.jpg?ts=1709635991535,2024,W,0.0,1.0,43_1_2024_W_0_1.jpg,43_2_2024_W_0_1.jpg,43_3_2024_W_0_1.jpg,"[[198 194 193]
 [ 31  28  31]
 [ 10   8  10]
 [114 111 110]
 [233 229 228]]"
https://static.zara.net/photos///2024/V/0/1/p/1014/308/800/2/w/2048/1014308800_1_1_1.jpg?ts=1709652756720,https://static.zara.net/photos///2024/V/0/1/p/1014/308/800/2/w/2048/1014308800_6_1_1.jpg?ts=1709718661398,https://static.zara.net/photos///2024/V/0/1/p/1014/308/800/2/w/2048/1014308800_3_1_1.jpg?ts=1709718660204,2024,V,0.0,1.0,44_1_2024_V_0_1.jpg,44_2_2024_V_0_1.jpg,44_3_2024_V_0_1.jpg,"[[142 160 188]
 [ 76  94 131]
 [179 195 219]
 [235 232 224]
 [ 34  27  26]]"
https://static.zara.net/photos///2024/W/0/1/p/2288/886/806/502/w/2048/2288886806_1_1_1.jpg?ts=1714151957508,https://static.zara.net/photos///2024/W/0/1/p/2288/886/806/502/w/2048/2288886806_2_1_1.jpg?ts=1714151976271,https://static.zara.net/photos///2024/V/0/1/p/2288/886/806/2/w/2048/2288886806_3_1_1.jpg?ts=1705672005709,2024,W,0.0,1.0,45_1_2024_W_0_1.jpg,45_2_2024_W_0_1.jpg,45_3_2024_W_0_1.jpg,"[[ 21  49  62]
 [159 168 172]
 [ 38  47 235]
 [ 76 107 111]
 [209 213 219]]"
https://static.zara.net/photos///2024/V/0/1/p/2753/122/807/2/w/2048/2753122807_1_1_1.jpg?ts=1700645686962,https://static.zara.net/photos///2024/V/0/1/p/2753/122/807/2/w/2048/2753122807_2_1_1.jpg?ts=1700650758524,https://static.zara.net/photos///2024/V/0/1/p/2753/122/807/2/w/2048/2753122807_3_1_1.jpg?ts=1700588671720,2024,V,0.0,1.0,46_1_2024_V_0_1.jpg,46_2_2024_V_0_1.jpg,46_3_2024_V_0_1.jpg,"[[ 22  21   8]
 [125 150 171]
 [ 77 101 120]
 [ 54  62  58]
 [ 40  40  23]]"
https://static.zara.net/photos///2024/V/0/3/p/1473/573/629/2/w/2048/1473573629_6_1_1.jpg?ts=1700046031865,https://static.zara.net/photos///2024/V/0/3/p/1473/573/629/2/w/2048/1473573629_6_2_1.jpg?ts=1700046031740,https://static.zara.net/photos///2024/V/0/3/p/1473/573/629/2/w/2048/1473573629_3_1_1.jpg?ts=1700046033560,2024,V,0.0,3.0,47_1_2024_V_0_3.jpg,47_2_2024_V_0_3.jpg,47_3_2024_V_0_3.jpg,"[[157 136 187]
 [224 223 228]
 [ 78  60 111]
 [190 174 213]
 [124 102 157]]"
https://static.zara.net/photos///2023/V/0/3/p/5507/600/704/2/w/2048/5507600704_6_1_1.jpg?ts=1671119880322,https://static.zara.net/photos///2023/V/0/3/p/5507/600/704/2/w/2048/5507600704_6_2_1.jpg?ts=1671119880202,https://static.zara.net/photos///2023/V/0/3/p/5507/600/704/2/w/1821/5507600704_3_1_1.jpg?ts=1671112800000,2023,V,0.0,3.0,48_1_2023_V_0_3.jpg,48_2_2023_V_0_3.jpg,48_3_2023_V_0_3.jpg,"[[162 189 213]
 [ 47  75 112]
 [ 99 132 168]
 [224 225 226]
 [140 170 199]]"
https://static.zara.net/photos///2024/V/0/2/p/0840/402/427/2/w/2048/0840402427_6_1_1.jpg?ts=1706119010478,https://static.zara.net/photos///2024/V/0/2/p/0840/402/427/2/w/2048/0840402427_6_2_1.jpg?ts=1706119010837,https://static.zara.net/photos///2024/V/0/2/p/0840/402/427/2/w/1402/0840402427_3_1_1.jpg?ts=1706119010805,2024,V,0.0,2.0,49_1_2024_V_0_2.jpg,49_2_2024_V_0_2.jpg,49_3_2024_V_0_2.jpg,"[[145 129 101]
 [244 239 237]
 [ 74  55  32]
 [117  95  64]
 [176 163 137]]"
https://static.zara.net/photos///2023/I/0/3/p/2496/689/620/2/w/2048/2496689620_6_1_1.jpg?ts=1689754945696,https://static.zara.net/photos///2023/I/0/3/p/2496/689/620/2/w/2048/2496689620_6_2_1.jpg?ts=1689754946973,https://static.zara.net/photos///2023/I/0/3/p/2496/689/620/2/w/2048/2496689620_3_1_1.jpg?ts=1689844636305,2023,I,0.0,3.0,50_1_2023_I_0_3.jpg,50_2_2023_I_0_3.jpg,50_3_2023_I_0_3.jpg,"[[212 216 227]
 [233 235 235]
 [169 169 210]
 [188 188 225]
 [142 147 195]]"
https://static.zara.net/photos///2024/V/0/2/p/1063/406/251/2/w/2048/1063406251_6_1_1.jpg?ts=1708074139445,https://static.zara.net/photos///2024/V/0/2/p/1063/406/251/2/w/2048/1063406251_6_2_1.jpg?ts=1708074139440,https://static.zara.net/photos///2024/V/0/2/p/1063/406/251/2/w/2048/1063406251_3_1_1.jpg?ts=1708074139439,2024,V,0.0,2.0,51_1_2024_V_0_2.jpg,51_2_2024_V_0_2.jpg,51_3_2024_V_0_2.jpg,"[[206 202 202]
 [242 241 241]
 [247 247 247]
 [233 233 233]
 [221 219 218]]"
https://static.zara.net/photos///2023/I/0/3/p/6048/558/712/2/w/2048/6048558712_6_1_1.jpg?ts=1690969626202,https://static.zara.net/photos///2023/I/0/3/p/6048/558/712/2/w/2048/6048558712_6_2_1.jpg?ts=1690969623291,https://static.zara.net/photos///2023/I/0/3/p/6048/558/712/2/w/2048/6048558712_3_1_1.jpg?ts=1688464395088,2023,I,0.0,3.0,52_1_2023_I_0_3.jpg,52_2_2023_I_0_3.jpg,52_3_2023_I_0_3.jpg,"[[242 242 242]
 [105 172 211]
 [235 234 234]
 [225 225 226]
 [207 210 212]]"
https://static.zara.net/photos///2023/I/0/3/p/5350/761/712/2/w/2048/5350761712_6_1_1.jpg?ts=1692859991049,https://static.zara.net/photos///2023/I/0/3/p/5350/761/712/2/w/2048/5350761712_6_2_1.jpg?ts=1692859991524,https://static.zara.net/photos///2023/I/0/3/p/5350/761/712/2/w/2048/5350761712_3_1_1.jpg?ts=1692859994219,2023,I,0.0,3.0,53_1_2023_I_0_3.jpg,53_2_2023_I_0_3.jpg,53_3_2023_I_0_3.jpg,"[[207 218 228]
 [115 149 175]
 [227 232 238]
 [192 206 215]
 [176 192 202]]"
https://static.zara.net/photos///2024/V/0/1/p/5862/059/811/2/w/2048/5862059811_1_1_1.jpg?ts=1711387259411,https://static.zara.net/photos///2024/V/0/1/p/5862/059/811/2/w/2048/5862059811_2_1_1.jpg?ts=1711387259273,https://static.zara.net/photos///2024/V/0/1/p/5862/059/811/2/w/2048/5862059811_3_1_1.jpg?ts=1707511076020,2024,V,0.0,1.0,56_1_2024_V_0_1.jpg,56_2_2024_V_0_1.jpg,56_3_2024_V_0_1.jpg,"[[162 167 173]
 [243 244 244]
 [ 26  33  88]
 [118 124 135]
 [208 221 230]]"
https://static.zara.net/photos///2024/V/1/2/p/2283/320/001/2/w/2048/2283320001_6_1_1.jpg?ts=1707984984760,https://static.zara.net/photos///2024/V/1/2/p/2283/320/001/2/w/2048/2283320001_6_2_1.jpg?ts=1707984984847,https://static.zara.net/photos///2024/V/1/2/p/2283/320/001/2/w/2048/2283320001_3_1_1.jpg?ts=1707984984653,2024,V,1.0,2.0,57_1_2024_V_1_2.jpg,57_2_2024_V_1_2.jpg,57_3_2024_V_1_2.jpg,"[[185 194 203]
 [247 242 241]
 [222 227 231]
 [146 155 167]
 [207 213 219]]"
https://static.zara.net/photos///2024/V/1/1/p/2223/310/808/2/w/2048/2223310808_6_1_1.jpg?ts=1706528998338,https://static.zara.net/photos///2024/V/1/1/p/2223/310/808/2/w/2048/2223310808_6_2_1.jpg?ts=1706528998563,https://static.zara.net/photos///2024/V/1/1/p/2223/310/808/2/w/2048/2223310808_3_1_1.jpg?ts=1706528998336,2024,V,1.0,1.0,58_1_2024_V_1_1.jpg,58_2_2024_V_1_1.jpg,58_3_2024_V_1_1.jpg,"[[235 235 236]
 [  5   5   5]
 [104 104 106]
 [ 38  39  41]
 [179 178 180]]"
https://static.zara.net/photos///2024/V/0/2/p/0775/401/555/2/w/2048/0775401555_6_1_1.jpg?ts=1699958327454,https://static.zara.net/photos///2024/V/0/2/p/0775/401/555/2/w/2048/0775401555_6_2_1.jpg?ts=1699958327474,https://static.zara.net/photos///2024/V/0/2/p/0775/401/555/2/w/2048/0775401555_3_1_1.jpg?ts=1699958328141,2024,V,0.0,2.0,59_1_2024_V_0_2.jpg,59_2_2024_V_0_2.jpg,59_3_2024_V_0_2.jpg,"[[243 239 239]
 [187 181 185]
 [102  96 102]
 [216 210 213]
 [155 149 154]]"
https://static.zara.net/photos///2024/V/1/1/p/2627/310/107/2/w/2048/2627310107_6_1_1.jpg?ts=1710953892906,https://static.zara.net/photos///2024/V/1/1/p/2627/310/107/2/w/2048/2627310107_6_2_1.jpg?ts=1710953892894,https://static.zara.net/photos///2024/V/1/1/p/2627/310/107/2/w/2048/2627310107_3_1_1.jpg?ts=1710953893041,2024,V,1.0,1.0,60_1_2024_V_1_1.jpg,60_2_2024_V_1_1.jpg,60_3_2024_V_1_1.jpg,"[[234 236 237]
 [ 57  97 128]
 [142 177 203]
 [107 148 176]
 [ 18  41  61]]"
https://static.zara.net/photos///2024/V/0/3/p/5431/618/805/2/w/2048/5431618805_6_1_1.jpg?ts=1711449323258,https://static.zara.net/photos///2024/V/0/3/p/5431/618/805/2/w/2048/5431618805_6_2_1.jpg?ts=1711449323495,https://static.zara.net/photos///2024/V/0/3/p/5431/618/805/2/w/2048/5431618805_3_1_1.jpg?ts=1711449323274,2024,V,0.0,3.0,61_1_2024_V_0_3.jpg,61_2_2024_V_0_3.jpg,61_3_2024_V_0_3.jpg,"[[229 236 239]
 [204 216 220]
 [192 201 205]
 [136 154 168]
 [215 226 230]]"
https://static.zara.net/photos///2024/V/0/3/p/1304/434/500/2/w/2048/1304434500_6_1_1.jpg?ts=1713177187139,https://static.zara.net/photos///2024/V/0/3/p/1304/434/500/2/w/2048/1304434500_6_2_1.jpg?ts=1713177187189,https://static.zara.net/photos///2024/V/0/3/p/1304/434/500/2/w/2048/1304434500_3_1_1.jpg?ts=1709715967691,2024,V,0.0,3.0,64_1_2024_V_0_3.jpg,64_2_2024_V_0_3.jpg,64_3_2024_V_0_3.jpg,"[[164 185 184]
 [134 158 159]
 [196 213 212]
 [ 53  76  80]
 [ 99 126 129]]"
https://static.zara.net/photos///2024/W/0/1/p/4437/042/600/502/w/2048/4437042600_1_1_1.jpg?ts=1707734952081,https://static.zara.net/photos///2024/W/0/1/p/4437/042/600/502/w/2048/4437042600_2_1_1.jpg?ts=1707734952062,https://static.zara.net/photos///2024/V/0/1/p/4437/042/600/2/w/2048/4437042600_3_1_1.jpg?ts=1706804613739,2024,W,0.0,1.0,67_1_2024_W_0_1.jpg,67_2_2024_W_0_1.jpg,67_3_2024_W_0_1.jpg,"[[248 246 243]
 [ 36  10 194]
 [ 89 104 149]
 [140 158 188]
 [ 37  32 104]]"
https://static.zara.net/photos///2023/I/1/2/p/2042/220/800/2/w/2048/2042220800_6_1_1.jpg?ts=1694610291879,https://static.zara.net/photos///2023/I/1/2/p/2042/220/800/2/w/2048/2042220800_6_2_1.jpg?ts=1694610291898,https://static.zara.net/photos///2023/I/1/2/p/2042/220/800/2/w/2048/2042220800_3_1_1.jpg?ts=1694610291908,2023,I,1.0,2.0,68_1_2023_I_1_2.jpg,68_2_2023_I_1_2.jpg,68_3_2023_I_1_2.jpg,"[[ 26  26  27]
 [247 242 241]
 [ 82  82  82]
 [ 42  42  42]
 [131 131 131]]"
https://static.zara.net/photos///2024/V/0/3/p/1296/468/612/2/w/2048/1296468612_6_1_1.jpg?ts=1707152780700,https://static.zara.net/photos///2024/V/0/3/p/1296/468/612/2/w/2048/1296468612_6_2_1.jpg?ts=1707152780519,https://static.zara.net/photos///2024/V/0/3/p/1296/468/612/2/w/2048/1296468612_3_1_1.jpg?ts=1707152780574,2024,V,0.0,3.0,73_1_2024_V_0_3.jpg,73_2_2024_V_0_3.jpg,73_3_2024_V_0_3.jpg,"[[215 230 243]
 [ 83 128 163]
 [161 187 211]
 [185 208 227]
 [125 163 194]]"
https://static.zara.net/photos///2024/V/0/1/p/1131/320/710/2/w/2048/1131320710_1_1_1.jpg?ts=1704990002553,https://static.zara.net/photos///2024/V/0/1/p/1131/320/710/2/w/2048/1131320710_2_1_1.jpg?ts=1704990002041,https://static.zara.net/photos///2024/V/0/1/p/1131/320/710/2/w/2048/1131320710_3_1_1.jpg?ts=1704711605584,2024,V,0.0,1.0,74_1_2024_V_0_1.jpg,74_2_2024_V_0_1.jpg,74_3_2024_V_0_1.jpg,"[[ 42  44  41]
 [249 246 240]
 [141 134 152]
 [208 208 207]
 [ 97 106  42]]"
https://static.zara.net/photos///2024/V/0/1/p/3046/547/505/2/w/2048/3046547505_6_1_1.jpg?ts=1709300659736,https://static.zara.net/photos///2024/V/0/1/p/3046/547/505/2/w/2048/3046547505_6_2_1.jpg?ts=1709279585865,https://static.zara.net/photos///2024/V/0/1/p/3046/547/505/2/w/2048/3046547505_3_1_1.jpg?ts=1709279583275,2024,V,0.0,1.0,75_1_2024_V_0_1.jpg,75_2_2024_V_0_1.jpg,75_3_2024_V_0_1.jpg,"[[ 77 104 108]
 [156 182 187]
 [116 150 154]
 [243 240 239]
 [ 33  51  55]]"
https://static.zara.net/photos///2024/V/0/2/p/0679/402/250/2/w/2048/0679402250_6_1_1.jpg?ts=1704357326219,https://static.zara.net/photos///2024/V/0/2/p/0679/402/250/2/w/2048/0679402250_6_2_1.jpg?ts=1704357326242,https://static.zara.net/photos///2024/V/0/2/p/0679/402/250/2/w/2048/0679402250_3_1_1.jpg?ts=1704357326556,2024,V,0.0,2.0,76_1_2024_V_0_2.jpg,76_2_2024_V_0_2.jpg,76_3_2024_V_0_2.jpg,"[[243 240 239]
 [230 226 224]
 [187 183 182]
 [237 234 232]
 [218 213 212]]"
https://static.zara.net/photos///2023/I/0/3/p/0722/795/712/2/w/2048/0722795712_6_1_1.jpg?ts=1691142812183,https://static.zara.net/photos///2023/I/0/3/p/0722/795/712/2/w/2048/0722795712_6_2_1.jpg?ts=1691142812142,https://static.zara.net/photos///2023/I/0/3/p/0722/795/712/2/w/2048/0722795712_3_1_1.jpg?ts=1691142811973,2023,I,0.0,3.0,77_1_2023_I_0_3.jpg,77_2_2023_I_0_3.jpg,77_3_2023_I_0_3.jpg,"[[230 234 235]
 [193 203 207]
 [166 181 192]
 [127 149 171]
 [212 219 221]]"
https://static.zara.net/photos///2024/V/1/1/p/3858/210/800/2/w/2048/3858210800_6_1_1.jpg?ts=1703160787783,https://static.zara.net/photos///2024/V/1/1/p/3858/210/800/2/w/2048/3858210800_6_2_1.jpg?ts=1703160787836,https://static.zara.net/photos///2023/I/1/1/p/3858/210/800/2/w/2048/3858210800_3_1_1.jpg?ts=1695894938499,2024,V,1.0,1.0,78_1_2024_V_1_1.jpg,78_2_2024_V_1_1.jpg,78_3_2024_V_1_1.jpg,"[[240 240 240]
 [ 36  36  35]
 [161 164 165]
 [ 13  13  11]
 [ 86  88  88]]"
https://static.zara.net/photos///2024/V/0/3/p/5350/534/712/2/w/2048/5350534712_6_1_1.jpg?ts=1707725081544,https://static.zara.net/photos///2024/V/0/3/p/5350/534/712/2/w/2048/5350534712_6_2_1.jpg?ts=1707725082051,https://static.zara.net/photos///2024/V/0/3/p/5350/534/712/2/w/2048/5350534712_3_1_1.jpg?ts=1707725079118,2024,V,0.0,3.0,79_1_2024_V_0_3.jpg,79_2_2024_V_0_3.jpg,79_3_2024_V_0_3.jpg,"[[211 224 228]
 [229 233 234]
 [197 214 220]
 [183 201 209]
 [232 243 245]]"
https://static.zara.net/photos///2023/I/0/3/p/4428/772/824/2/w/2048/4428772824_6_1_1.jpg?ts=1697447513734,https://static.zara.net/photos///2023/I/0/3/p/4428/772/824/2/w/2048/4428772824_6_2_1.jpg?ts=1697447513748,https://static.zara.net/photos///2023/I/0/3/p/4428/772/824/2/w/2048/4428772824_3_1_1.jpg?ts=1697447513554,2023,I,0.0,3.0,80_1_2023_I_0_3.jpg,80_2_2023_I_0_3.jpg,80_3_2023_I_0_3.jpg,"[[ 28  22  21]
 [185 186 186]
 [214 215 215]
 [154 155 156]
 [ 89  92  93]]"
https://static.zara.net/photos///2024/V/0/3/p/5644/874/982/2/w/2400/5644874982_6_1_1.jpg?ts=1713942195557,https://static.zara.net/photos///2024/V/0/3/p/5644/874/982/2/w/2400/5644874982_6_2_1.jpg?ts=1713942195738,https://static.zara.net/photos///2024/V/0/3/p/5644/874/982/2/w/2400/5644874982_3_1_1.jpg?ts=1713942170790,2024,V,0.0,3.0,81_1_2024_V_0_3.jpg,81_2_2024_V_0_3.jpg,81_3_2024_V_0_3.jpg,"[[146 167 173]
 [246 246 247]
 [100 120 127]
 [129 149 156]
 [198 219 227]]"
https://static.zara.net/photos///2024/V/1/3/p/1236/330/057/2/w/2048/1236330057_6_1_1.jpg?ts=1708071461967,https://static.zara.net/photos///2024/V/1/3/p/1236/330/057/2/w/2048/1236330057_6_2_1.jpg?ts=1708071462031,https://static.zara.net/photos///2024/V/1/3/p/1236/330/057/2/w/2048/1236330057_3_1_1.jpg?ts=1708071461933,2024,V,1.0,3.0,82_1_2024_V_1_3.jpg,82_2_2024_V_1_3.jpg,82_3_2024_V_1_3.jpg,"[[231 232 234]
 [120 100  97]
 [185 172 184]
 [ 76  62  65]
 [153 134 138]]"
https://static.zara.net/photos///2024/W/1/1/p/1211/110/035/2/w/2048/1211110035_6_1_1.jpg?ts=1703667776374,https://static.zara.net/photos///2024/W/1/1/p/1211/110/035/2/w/2048/1211110035_6_2_1.jpg?ts=1703667776650,https://static.zara.net/photos///2024/W/1/1/p/1211/110/035/2/w/2048/1211110035_3_1_1.jpg?ts=1703667776397,2024,W,1.0,1.0,83_1_2024_W_1_1.jpg,83_2_2024_W_1_1.jpg,83_3_2024_W_1_1.jpg,"[[240 240 240]
 [ 58  94  83]
 [134 177 158]
 [183 211 199]
 [ 94 136 121]]"
https://static.zara.net/photos///2024/W/1/2/p/2655/220/500/2/w/2048/2655220500_6_1_1.jpg?ts=1709542014231,https://static.zara.net/photos///2024/W/1/2/p/2655/220/500/2/w/2048/2655220500_6_2_1.jpg?ts=1709542014138,https://static.zara.net/photos///2023/S/1/2/p/2655/220/500/2/w/2048/2655220500_3_1_1.jpg?ts=1697192664475,2024,W,1.0,2.0,84_1_2024_W_1_2.jpg,84_2_2024_W_1_2.jpg,84_3_2024_W_1_2.jpg,"[[247 242 241]
 [ 99 129 151]
 [150 171 180]
 [199 209 212]
 [ 35  50  62]]"
https://static.zara.net/photos///2024/V/0/3/p/3182/767/400/2/w/2048/3182767400_6_1_1.jpg?ts=1700730460864,https://static.zara.net/photos///2024/V/0/3/p/3182/767/400/2/w/2048/3182767400_6_2_1.jpg?ts=1700730460742,https://static.zara.net/photos///2024/V/0/3/p/3182/767/400/2/w/2048/3182767400_3_1_1.jpg?ts=1700730461205,2024,V,0.0,3.0,85_1_2024_V_0_3.jpg,85_2_2024_V_0_3.jpg,85_3_2024_V_0_3.jpg,"[[122 113 107]
 [184 177 171]
 [ 77  68  62]
 [220 219 217]
 [154 145 140]]"
https://static.zara.net/photos///2023/I/0/2/p/3332/300/712/2/w/2048/3332300712_6_1_1.jpg?ts=1690196395378,https://static.zara.net/photos///2023/I/0/2/p/3332/300/712/2/w/2048/3332300712_6_2_1.jpg?ts=1690196395544,https://static.zara.net/photos///2023/I/0/2/p/3332/300/712/2/w/2048/3332300712_3_1_1.jpg?ts=1690196399411,2023,I,0.0,2.0,86_1_2023_I_0_2.jpg,86_2_2023_I_0_2.jpg,86_3_2023_I_0_2.jpg,"[[228 234 238]
 [ 90 101 110]
 [172 183 190]
 [201 211 218]
 [138 148 156]]"
https://static.zara.net/photos///2024/V/0/3/p/5048/604/712/2/w/2048/5048604712_6_1_1.jpg?ts=1711015946111,https://static.zara.net/photos///2024/V/0/3/p/5048/604/712/2/w/2048/5048604712_6_2_1.jpg?ts=1711015946192,https://static.zara.net/photos///2024/V/0/3/p/5048/604/712/2/w/2048/5048604712_3_1_1.jpg?ts=1711015945875,2024,V,0.0,3.0,87_1_2024_V_0_3.jpg,87_2_2024_V_0_3.jpg,87_3_2024_V_0_3.jpg,"[[222 230 233]
 [206 215 218]
 [232 237 239]
 [213 222 226]
 [192 202 208]]"
https://static.zara.net/photos///2024/V/1/1/p/1320/310/400/2/w/2048/1320310400_6_1_1.jpg?ts=1707405355617,https://static.zara.net/photos///2024/V/1/1/p/1320/310/400/2/w/2048/1320310400_6_2_1.jpg?ts=1707405355591,https://static.zara.net/photos///2024/V/1/1/p/1320/310/400/2/w/2048/1320310400_3_1_1.jpg?ts=1707405355592,2024,V,1.0,1.0,88_1_2024_V_1_1.jpg,88_2_2024_V_1_1.jpg,88_3_2024_V_1_1.jpg,"[[237 237 237]
 [170 157 137]
 [113 105  94]
 [198 192 182]
 [103 137 176]]"
https://static.zara.net/photos///2024/V/0/3/p/8727/554/406/2/w/2048/8727554406_6_1_1.jpg?ts=1709133839613,https://static.zara.net/photos///2024/V/0/3/p/8727/554/406/2/w/2048/8727554406_6_2_1.jpg?ts=1709133839236,https://static.zara.net/photos///2024/V/0/3/p/8727/554/406/2/w/2048/8727554406_3_1_1.jpg?ts=1709133839312,2024,V,0.0,3.0,89_1_2024_V_0_3.jpg,89_2_2024_V_0_3.jpg,89_3_2024_V_0_3.jpg,"[[175 161 142]
 [220 213 201]
 [194 187 174]
 [122 112  99]
 [232 232 230]]"
https://static.zara.net/photos///2023/I/0/3/p/4701/794/800/2/w/2048/4701794800_6_1_1.jpg?ts=1688714802523,https://static.zara.net/photos///2023/I/0/3/p/4701/794/800/2/w/2048/4701794800_6_2_1.jpg?ts=1688714802579,https://static.zara.net/photos///2023/I/0/3/p/4701/794/800/2/w/2048/4701794800_3_1_1.jpg?ts=1688714801968,2023,I,0.0,3.0,90_1_2023_I_0_3.jpg,90_2_2023_I_0_3.jpg,90_3_2023_I_0_3.jpg,"[[ 15  15  15]
 [232 233 233]
 [156 160 160]
 [ 47  47  47]
 [206 210 209]]"
https://static.zara.net/photos///2024/V/1/3/p/1290/330/002/2/w/2048/1290330002_6_1_1.jpg?ts=1710427518492,https://static.zara.net/photos///2024/V/1/3/p/1290/330/002/2/w/2048/1290330002_6_2_1.jpg?ts=1710427518040,https://static.zara.net/photos///2024/V/1/3/p/1290/330/002/2/w/2048/1290330002_3_1_1.jpg?ts=1710427517827,2024,V,1.0,3.0,91_1_2024_V_1_3.jpg,91_2_2024_V_1_3.jpg,91_3_2024_V_1_3.jpg,"[[234 234 235]
 [194 208 222]
 [154 172 191]
 [178 194 211]
 [ 92 109 127]]"
https://static.zara.net/photos///2024/V/0/2/p/5372/400/819/2/w/2048/5372400819_6_1_1.jpg?ts=1707295791049,https://static.zara.net/photos///2024/V/0/2/p/5372/400/819/2/w/2048/5372400819_6_2_1.jpg?ts=1707295790461,https://static.zara.net/photos///2024/V/0/2/p/5372/400/819/2/w/2048/5372400819_3_1_1.jpg?ts=1707295794247,2024,V,0.0,2.0,92_1_2024_V_0_2.jpg,92_2_2024_V_0_2.jpg,92_3_2024_V_0_2.jpg,"[[222 219 217]
 [183 179 178]
 [203 199 198]
 [147 144 143]
 [239 235 234]]"
https://static.zara.net/photos///2024/V/0/2/p/9065/416/711/2/w/2048/9065416711_6_1_1.jpg?ts=1712131610610,https://static.zara.net/photos///2024/V/0/2/p/9065/416/711/2/w/2048/9065416711_6_2_1.jpg?ts=1712131611069,https://static.zara.net/photos///2024/V/0/2/p/9065/416/711/2/w/2048/9065416711_3_1_1.jpg?ts=1712131610801,2024,V,0.0,2.0,93_1_2024_V_0_2.jpg,93_2_2024_V_0_2.jpg,93_3_2024_V_0_2.jpg,"[[246 241 241]
 [189 199 208]
 [214 224 232]
 [172 182 192]
 [202 212 220]]"
https://static.zara.net/photos///2024/V/0/3/p/2548/604/401/2/w/2048/2548604401_6_1_1.jpg?ts=1711007694032,https://static.zara.net/photos///2024/V/0/3/p/2548/604/401/2/w/2048/2548604401_6_2_1.jpg?ts=1711007694215,https://static.zara.net/photos///2024/V/0/3/p/2548/604/401/2/w/2048/2548604401_3_1_1.jpg?ts=1711007694832,2024,V,0.0,3.0,94_1_2024_V_0_3.jpg,94_2_2024_V_0_3.jpg,94_3_2024_V_0_3.jpg,"[[229 228 227]
 [ 27  17  13]
 [184 183 181]
 [ 67  49  42]
 [116 104  97]]"
https://static.zara.net/photos///2024/V/1/1/p/6231/310/800/2/w/2048/6231310800_6_1_1.jpg?ts=1711540769207,https://static.zara.net/photos///2024/V/1/1/p/6231/310/800/2/w/2048/6231310800_6_2_1.jpg?ts=1711540769356,https://static.zara.net/photos///2024/V/1/1/p/6231/310/800/2/w/2048/6231310800_3_1_1.jpg?ts=1711540769582,2024,V,1.0,1.0,95_1_2024_V_1_1.jpg,95_2_2024_V_1_1.jpg,95_3_2024_V_1_1.jpg,"[[237 239 239]
 [ 14  13  11]
 [ 34  34  31]
 [160 162 162]
 [ 69  69  66]]"
https://static.zara.net/photos///2024/V/0/1/p/2584/117/630/17/w/2048/2584117630_1_1_1.jpg?ts=1710762997977,https://static.zara.net/photos///2024/V/0/1/p/2584/117/630/17/w/2048/2584117630_2_1_1.jpg?ts=1710762997983,https://static.zara.net/photos///2024/V/0/1/p/2584/117/630/2/w/2048/2584117630_3_1_1.jpg?ts=1707299675327,2024,V,0.0,1.0,96_1_2024_V_0_1.jpg,96_2_2024_V_0_1.jpg,96_3_2024_V_0_1.jpg,"[[175 174 180]
 [ 80  84  93]
 [ 42  23  93]
 [110  51 210]
 [123 129 147]]"
https://static.zara.net/photos///2024/V/0/1/p/1903/002/700/5/w/2048/1903002700_1_1_1.jpg?ts=1709810271484,https://static.zara.net/photos///2024/V/0/1/p/1903/002/700/2/w/2048/1903002700_6_1_1.jpg?ts=1709050342068,https://static.zara.net/photos///2024/V/0/1/p/1903/002/700/2/w/2048/1903002700_3_1_1.jpg?ts=1709050341018,2024,V,0.0,1.0,97_1_2024_V_0_1.jpg,97_2_2024_V_0_1.jpg,97_3_2024_V_0_1.jpg,"[[ 28  33  48]
 [207 209 217]
 [ 97 105 134]
 [ 12  16  28]
 [ 43  48  68]]"
https://static.zara.net/photos///2024/V/0/2/p/4302/305/800/2/w/2048/4302305800_6_1_1.jpg?ts=1703838861782,https://static.zara.net/photos///2024/V/0/2/p/4302/305/800/2/w/2048/4302305800_6_2_1.jpg?ts=1703838861699,https://static.zara.net/photos///2024/V/0/2/p/4302/305/800/2/w/2048/4302305800_3_1_1.jpg?ts=1703838861751,2024,V,0.0,2.0,98_1_2024_V_0_2.jpg,98_2_2024_V_0_2.jpg,98_3_2024_V_0_2.jpg,"[[ 50  47  46]
 [141 137 135]
 [ 95  91  90]
 [238 233 233]
 [ 19  17  17]]"
https://static.zara.net/photos///2024/V/0/1/p/6147/105/427/2/w/2048/6147105427_1_1_1.jpg?ts=1710435696648,https://static.zara.net/photos///2024/V/0/1/p/6147/105/427/2/w/2048/6147105427_2_1_1.jpg?ts=1710435697953,https://static.zara.net/photos///2024/V/0/1/p/6147/105/427/2/w/2048/6147105427_3_1_1.jpg?ts=1710507096429,2024,V,0.0,1.0,99_1_2024_V_0_1.jpg,99_2_2024_V_0_1.jpg,99_3_2024_V_0_1.jpg,"[[236 241 242]
 [147 123  93]
 [215 198 186]
 [ 95  74  55]
 [181 161 132]]"
https://static.zara.net/photos///2023/I/0/1/p/0002/240/802/14/w/2048/0002240802_1_1_1.jpg?ts=1702558358416,https://static.zara.net/photos///2024/V/0/1/p/0002/240/802/14/w/2048/0002240802_1_1_1.jpg?ts=1702558686358,https://static.zara.net/photos///2023/I/0/1/p/0002/240/802/2/w/2048/0002240802_3_1_1.jpg?ts=1689257779509,2023,I,0.0,1.0,100_1_2023_I_0_1.jpg,100_2_2023_I_0_1.jpg,100_3_2023_I_0_1.jpg,"[[ 54  50  54]
 [240 237 233]
 [104 116 146]
 [ 72  70  74]
 [ 40  36  37]]"
https://static.zara.net/photos///2024/V/0/1/p/9598/043/250/2/w/2048/9598043250_1_1_1.jpg?ts=1710867595694,https://static.zara.net/photos///2024/V/0/1/p/9598/043/250/2/w/2048/9598043250_2_1_1.jpg?ts=1710867595853,https://static.zara.net/photos///2024/V/0/1/p/9598/043/250/2/w/2048/9598043250_3_1_1.jpg?ts=1710774106290,2024,V,0.0,1.0,101_1_2024_V_0_1.jpg,101_2_2024_V_0_1.jpg,101_3_2024_V_0_1.jpg,"[[187 190 192]
 [ 19  32  54]
 [103 150 184]
 [220 222 222]
 [ 54  90 128]]"
https://static.zara.net/photos///2024/V/1/3/p/6583/330/107/2/w/2048/6583330107_6_1_1.jpg?ts=1712755205872,https://static.zara.net/photos///2024/V/1/3/p/6583/330/107/2/w/2048/6583330107_6_2_1.jpg?ts=1712755206167,https://static.zara.net/photos///2024/V/1/3/p/6583/330/107/2/w/2048/6583330107_3_1_1.jpg?ts=1712755205829,2024,V,1.0,3.0,103_1_2024_V_1_3.jpg,103_2_2024_V_1_3.jpg,103_3_2024_V_1_3.jpg,"[[234 234 235]
 [ 69 101 123]
 [139 167 186]
 [ 98 131 152]
 [ 43  69  89]]"
https://static.zara.net/photos///2024/V/0/1/p/4231/550/676/202/w/2400/4231550676_6_1_1.jpg?ts=1707403480306,https://static.zara.net/photos///2024/V/0/1/p/4231/550/676/202/w/2400/4231550676_6_2_1.jpg?ts=1707403582621,https://static.zara.net/photos///2024/V/0/2/p/4231/450/676/2/w/2400/4231450676_3_1_1.jpg?ts=1707387434979,2024,V,0.0,1.0,104_1_2024_V_0_1.jpg,104_2_2024_V_0_1.jpg,104_3_2024_V_0_1.jpg,"[[220 220 232]
 [254 254 254]
 [ 70  68 106]
 [165 163 193]
 [207 207 221]]"
